<edmx:Edmx xmlns:edmx="http://docs.oasis-open.org/odata/ns/edmx" Version="4.0">
	<edmx:Reference xmlns:edmx="http://docs.oasis-open.org/odata/ns/edmx"
		Uri="http://localhost:8080/webidedispatcher/destinations/NPL/sap/opu/odata/sap/ZTE_FLIGHTOVP_SRV/$metadata">
		<edmx:Include xmlns:edmx="http://docs.oasis-open.org/odata/ns/edmx" Namespace="ZTE_FLIGHTOVP_SRV"/>
	</edmx:Reference>
	<edmx:Reference Uri="http://docs.oasis-open.org/odata/odata-data-aggregation-ext/v4.0/cs02/vocabularies/Org.OData.Aggregation.V1.xml">
		<edmx:Include Alias="Aggregation" Namespace="Org.OData.Aggregation.V1"/>
	</edmx:Reference>
	<edmx:Reference Uri="http://docs.oasis-open.org/odata/odata/v4.0/errata03/os/complete/vocabularies/Org.OData.Capabilities.V1.xml">
		<edmx:Include Alias="Capabilities" Namespace="Org.OData.Capabilities.V1"/>
	</edmx:Reference>
	<edmx:Reference Uri="https://wiki.scn.sap.com/wiki/download/attachments/448470974/Common.xml?api=v2">
		<edmx:Include Alias="Common" Namespace="com.sap.vocabularies.Common.v1"/>
	</edmx:Reference>
	<edmx:Reference Uri="https://wiki.scn.sap.com/wiki/download/attachments/448470971/Communication.xml?api=v2">
		<edmx:Include Alias="vCard" Namespace="com.sap.vocabularies.Communication.v1"/>
	</edmx:Reference>
	<edmx:Reference Uri="http://docs.oasis-open.org/odata/odata/v4.0/errata03/os/complete/vocabularies/Org.OData.Core.V1.xml">
		<edmx:Include Alias="Core" Namespace="Org.OData.Core.V1"/>
	</edmx:Reference>
	<edmx:Reference Uri="http://docs.oasis-open.org/odata/odata/v4.0/errata03/os/complete/vocabularies/Org.OData.Measures.V1.xml">
		<edmx:Include Alias="CQP" Namespace="Org.OData.Measures.V1"/>
	</edmx:Reference>
	<edmx:Reference Uri="https://wiki.scn.sap.com/wiki/download/attachments/448470968/UI.xml?api=v2">
		<edmx:Include Alias="UI" Namespace="com.sap.vocabularies.UI.v1"/>
	</edmx:Reference>
	<edmx:DataServices>
		<Schema xmlns="http://docs.oasis-open.org/odata/ns/edm">
			<Annotations Target="ZTE_FLIGHTOVP_SRV.Zc_Te_AbookingType">
				<Annotation Term="UI.PresentationVariant" Qualifier="Agency">
					<Record Type="UI.PresentationVariantType">
						<PropertyValue Property="SortOrder">
							<Collection>
								<Record Type="Common.SortOrderType">
									<PropertyValue Property="Property" PropertyPath="Amount"/>
									<PropertyValue Property="Descending" Bool="true"/>
								</Record>
							</Collection>
						</PropertyValue>
						<PropertyValue Property="GroupBy">
							<Collection/>
						</PropertyValue>
						<PropertyValue Property="TotalBy">
							<Collection/>
						</PropertyValue>
						<PropertyValue Property="Total">
							<Collection/>
						</PropertyValue>
						<PropertyValue Property="MaxItems" Int="10"/>
						<PropertyValue Property="ID" String=".BYAGENCY"/>
					</Record>
				</Annotation>
				<Annotation Term="UI.PresentationVariant" Qualifier="Carrier">
					<Record Type="UI.PresentationVariantType">
						<PropertyValue Property="SortOrder">
							<Collection>
								<Record Type="Common.SortOrderType">
									<PropertyValue Property="Property" PropertyPath="Amount"/>
									<PropertyValue Property="Descending" Bool="true"/>
								</Record>
							</Collection>
						</PropertyValue>
						<PropertyValue Property="ID" String=".BYCARRIER"/>
					</Record>
				</Annotation>
				<Annotation Term="UI.PresentationVariant" Qualifier="CarrierPlus">
					<Record Type="UI.PresentationVariantType">
						<PropertyValue Property="SortOrder">
							<Collection>
								<Record Type="Common.SortOrderType">
									<PropertyValue Property="Property" PropertyPath="NumberOfItems"/>
									<PropertyValue Property="Descending" Bool="true"/>
								</Record>
							</Collection>
						</PropertyValue>
						<PropertyValue Property="GroupBy">
							<Collection/>
						</PropertyValue>
						<PropertyValue Property="TotalBy">
							<Collection/>
						</PropertyValue>
						<PropertyValue Property="Total">
							<Collection/>
						</PropertyValue>
					</Record>
				</Annotation>
				<Annotation Term="UI.PresentationVariant" Qualifier="AgencyPlus">
					<Record Type="UI.PresentationVariantType">
						<PropertyValue Property="SortOrder">
							<Collection>
								<Record Type="Common.SortOrderType">
									<PropertyValue Property="Property" PropertyPath="NumberOfItems"/>
									<PropertyValue Property="Descending" Bool="true"/>
								</Record>
							</Collection>
						</PropertyValue>
						<PropertyValue Property="GroupBy">
							<Collection/>
						</PropertyValue>
						<PropertyValue Property="TotalBy">
							<Collection/>
						</PropertyValue>
						<PropertyValue Property="Total">
							<Collection/>
						</PropertyValue>
					</Record>
				</Annotation>
				<Annotation Term="UI.Identification"/>
				<Annotation Term="UI.Chart" Qualifier="Donut">
					<Record Type="UI.ChartDefinitionType">
						<PropertyValue Property="Title" String="By Airline"/>
						<PropertyValue Property="ChartType" EnumMember="UI.ChartType/Donut"/>
						<PropertyValue Property="MeasureAttributes">
							<Collection>
								<Record Type="UI.ChartMeasureAttributeType">
									<PropertyValue Property="Measure">
										<PropertyPath>NumberOfItems</PropertyPath>
									</PropertyValue>
									<PropertyValue EnumMember="UI.ChartMeasureRoleType/Axis1" Property="Role"/>
								</Record>
							</Collection>
						</PropertyValue>
						<PropertyValue Property="DimensionAttributes">
							<Collection>
								<Record Type="UI.ChartDimensionAttributeType">
									<PropertyValue Property="Dimension">
										<PropertyPath>CarrierName</PropertyPath>
									</PropertyValue>
									<PropertyValue EnumMember="UI.ChartDimensionRoleType/Category" Property="Role"/>
								</Record>
							</Collection>
						</PropertyValue>
					</Record>
				</Annotation>
				<Annotation Term="UI.Chart" Qualifier="StackedBar">
					<Record Type="UI.ChartDefinitionType">
						<PropertyValue Property="Title" String="By Airline"/>
						<PropertyValue Property="ChartType" EnumMember="UI.ChartType/BarStacked"/>
						<PropertyValue Property="MeasureAttributes">
							<Collection>
								<Record Type="UI.ChartMeasureAttributeType">
									<PropertyValue Property="Measure">
										<PropertyPath>NumberOfItems</PropertyPath>
									</PropertyValue>
									<PropertyValue EnumMember="UI.ChartMeasureRoleType/Axis1" Property="Role"/>
									<PropertyValue Property="DataPoint" AnnotationPath="@UI.DataPoint#NumberOfItems"/>
								</Record>
							</Collection>
						</PropertyValue>
						<PropertyValue Property="DimensionAttributes">
							<Collection>
								<Record Type="UI.ChartDimensionAttributeType">
									<PropertyValue Property="Dimension">
										<PropertyPath>CarrierName</PropertyPath>
									</PropertyValue>
									<PropertyValue EnumMember="UI.ChartDimensionRoleType/Category" Property="Role"/>
								</Record>
							</Collection>
						</PropertyValue>
					</Record>
				</Annotation>
				<Annotation Qualifier="Scatter" Term="UI.PresentationVariant">
					<Record>
						<PropertyValue Int32="10" Property="MaxItems" Int="10"/>
						<PropertyValue Property="SortOrder">
							<Collection>
								<Record>
									<PropertyValue Property="Property" PropertyPath="AgencyName"/>
									<PropertyValue Boolean="true" Property="Descending" Bool="false"/>
								</Record>
							</Collection>
						</PropertyValue>
						<PropertyValue Property="Visualizations">
							<Collection>
								<AnnotationPath>UI.Chart#Scatter</AnnotationPath>
							</Collection>
						</PropertyValue>
						<PropertyValue Property="ID" String=".BYAGENCY"/>
					</Record>
				</Annotation>
				<Annotation Term="UI.Chart" Qualifier="Scatter">
					<Record Type="UI.ChartDefinitionType">
						<PropertyValue Property="ChartType" EnumMember="UI.ChartType/Scatter"/>
						<PropertyValue Property="Title" String="By Agency"/>
						<PropertyValue Property="MeasureAttributes">
							<Collection>
								<Record Type="UI.ChartMeasureAttributeType">
									<PropertyValue Property="Measure" PropertyPath="Amount"/>
									<PropertyValue EnumMember="UI.ChartMeasureRoleType/Axis2" Property="Role"/>
								</Record>
								<Record Type="UI.ChartMeasureAttributeType">
									<PropertyValue Property="Measure" PropertyPath="NumberOfItems"/>
									<PropertyValue EnumMember="UI.ChartMeasureRoleType/Axis2" Property="Role"/>
								</Record>
							</Collection>
						</PropertyValue>
						<PropertyValue Property="Measures">
							<Collection>
								<PropertyPath>Amount</PropertyPath>
							</Collection>
						</PropertyValue>
						<PropertyValue Property="DimensionAttributes">
							<Collection>
								<Record Type="UI.ChartDimensionAttributeType">
									<PropertyValue Property="Dimension" PropertyPath="AgencyName"/>
									<PropertyValue Property="Role" EnumMember="UI.ChartDimensionRoleType/Series"/>
								</Record>
							</Collection>
						</PropertyValue>
						<PropertyValue Property="Dimensions">
							<Collection>
								<PropertyPath>AgencyName</PropertyPath>
							</Collection>
						</PropertyValue>
					</Record>
				</Annotation>
				<Annotation Term="UI.Chart" Qualifier="TimeLine">
					<Record Type="UI.ChartDefinitionType">
						<PropertyValue Property="MeasureAttributes">
							<Collection>
								<Record Type="UI.ChartMeasureAttributeType">
									<PropertyValue Property="Role" EnumMember="UI.ChartMeasureRoleType/Axis1"/>
									<PropertyValue Property="Measure" PropertyPath="Amount"/>
								</Record>
							</Collection>
						</PropertyValue>
						<PropertyValue Property="DimensionAttributes">
							<Collection>
								<Record Type="UI.ChartDimensionAttributeType">
									<PropertyValue Property="Dimension" PropertyPath="FlightDate"/>
									<PropertyValue Property="Role" EnumMember="UI.ChartDimensionRoleType/Series"/>
								</Record>
							</Collection>
						</PropertyValue>
						<PropertyValue Property="Actions"/>
						<PropertyValue Property="ChartType" EnumMember="UI.ChartType/Column"/>
						<PropertyValue Property="Measures">
							<Collection>
								<PropertyPath>Amount</PropertyPath>
							</Collection>
						</PropertyValue>
						<PropertyValue Property="Dimensions">
							<Collection>
								<PropertyPath>FlightDate</PropertyPath>
							</Collection>
						</PropertyValue>
					</Record>
				</Annotation>
				<Annotation Term="UI.SelectionVariant" Qualifier="TimeLine">
					<Record>
						<PropertyValue Property="SelectOptions">
							<Collection>
								<Record>
									<PropertyValue Property="PropertyName" PropertyPath="FlightDate"/>
									<PropertyValue Property="Ranges">
										<Collection>
											<Record>
												<PropertyValue Property="Sign" EnumMember="UI.SelectionRangeSignType/I"/>
												<PropertyValue Property="Option" EnumMember="UI.SelectionRangeOptionType/BT"/>
												<PropertyValue Property="Low" String="2017-01-01T00:00:00"/>
												<PropertyValue Property="High" String="2017-07-01T00:00:00"/>
											</Record>
										</Collection>
									</PropertyValue>
								</Record>
							</Collection>
						</PropertyValue>
					</Record>
				</Annotation>
				<Annotation Qualifier="Navigate" Term="UI.Identification">
					<Collection>
						<Record Type="UI.DataFieldForIntentBasedNavigation">
							<PropertyValue Property="Criticality" String="UI.CriticalityType/Neutral"/>
							<Annotation EnumMember="UI.ImportanceType/High" Term="UI.Importance"/>
							<PropertyValue Property="SemanticObject" String="Flight"/>
							<PropertyValue Property="Action" String="sample"/>
							<PropertyValue Property="Label" String="Purchasing Order Item"/>
						</Record>
					</Collection>
				</Annotation>

				<Annotation Term="UI.LineItem" Qualifier="CarrierPlus">
					<Collection>
						<Record Type="UI.DataField">
							<PropertyValue Property="Value" Path="CarrierName"/>
						</Record>
						<Record Type="UI.DataFieldForAnnotation">
							<PropertyValue Property="Target" AnnotationPath="@UI.DataPoint#NumberOfItems"/>
						</Record>
					</Collection>
				</Annotation>
				<Annotation Term="UI.LineItem" Qualifier="AgencyPlus">
					<Collection>
						<Record Type="UI.DataField">
							<PropertyValue Property="Value" Path="AgencyName"/>
						</Record>
						<Record Type="UI.DataFieldForAnnotation">
							<PropertyValue Property="Target" AnnotationPath="@UI.DataPoint#NumberOfItems"/>
						</Record>
					</Collection>
				</Annotation>
				<Annotation Term="UI.DataPoint" Qualifier="Trip">
					<Record Type="UI.DataPointType">
						<PropertyValue Property="Title" String="{@i18n&gt;NN}"/>
						<PropertyValue Property="Value">
							<Apply Function="odata.concat">
								<Path>AirportFrom</Path>
								<String>{@i18n&gt;_TO_}</String> <Path>AirportTo</Path> </Apply> </PropertyValue> </Record> </Annotation> <Annotation Term="UI.DataPoint" Qualifier="NumberOfItems"> <Record Type="UI.DataPointType"> <PropertyValue Property="Value" Path="NumberOfItems"/> <PropertyValue Property="Title" String="{@i18n&gt;DD}"/> <PropertyValue Property="Visualization" EnumMember="UI.VisualizationType/Number"/> </Record> <Annotation Term="UI.Importance" EnumMember="UI.ImportanceType/High"/> </Annotation> </Annotations>
			<Annotations Target="ZTE_FLIGHTOVP_SRV.Zi_Te_AgencyType"/>
			<Annotations Target="ZTE_FLIGHTOVP_SRV.Zc_Te_AgencyType">
				<Annotation Term="UI.Facets">
					<Collection>
						<Record Type="UI.ReferenceFacet">
							<PropertyValue Property="Target" AnnotationPath="@UI.FieldGroup#Stack"/>
							<Annotation Term="UI.IsSummary"/>
						</Record>
					</Collection>
				</Annotation>
				<Annotation Term="UI.LineItem">
					<Collection>
						<Record Type="UI.DataField">
							<PropertyValue Property="Value" Path="AgencyName"/>
						</Record>
						<Record Type="UI.DataField">
							<PropertyValue Property="Value" Path="City"/>
						</Record>
						<Record Type="UI.DataField">
							<PropertyValue Property="Value" Path="Country"/>
						</Record>
						<Record Type="UI.DataField">
							<PropertyValue Property="Value" Path="State"/>
						</Record>
						<Record Type="UI.DataField">
							<PropertyValue Property="Value" Path="IconUrl"/>
							<PropertyValue Property="Criticality" EnumMember="UI.CriticalityType/Critical"/>
						</Record>
					</Collection>
				</Annotation>
			</Annotations>
		</Schema>
	</edmx:DataServices>
</edmx:Edmx>