{
  "projectType": [
    "sap.watt.saptoolsets.fiori.project.ui5template.smartProject",
    "sap.watt.uitools.ide.fiori",
    "com.watt.common.builder.sapui5clientbuild",
    "sap.watt.saptoolsets.fiori.project.uiadaptation"
  ],
  "build": {
    "targetFolder": "dist",
    "sourceFolder": "webapp",
    "excludedFolders": [
      "test"
    ],
    "buildRequired": true
  },
  "generation": [
    {
      "templateId": "ui5template.smartTemplateCommon",
      "templateVersion": "1.40.12",
      "dateTimeStamp": "Fri, 14 Jul 2017 02:55:44 GMT"
    },
    {
      "templateId": "ui5template.smartTemplate",
      "templateVersion": "1.40.12",
      "dateTimeStamp": "Fri, 14 Jul 2017 02:55:51 GMT"
    },
    {
      "templateId": "uiadaptation.changespreviewjs",
      "templateVersion": "0.0.0",
      "dateTimeStamp": "Mon, 31 Jul 2017 06:18:03 GMT"
    }
  ],
  "mockpreview": {
    "mockUri": "/sap/opu/odata/sap/ZC_TE_FLIGHT_CDS",
    "metadataFilePath": "",
    "loadJSONFiles": false,
    "loadCustomRequests": false,
    "mockRequestsFilePath": ""
  },
  "codeCheckingTriggers": {
    "notifyBeforePush": true,
    "notifyBeforePushLevel": "Error",
    "blockPush": false,
    "blockPushLevel": "Error"
  },
  "translation": {
    "translationDomain": "",
    "supportedLanguages": "en,fr,de",
    "defaultLanguage": "en",
    "defaultI18NPropertyFile": "i18n.properties",
    "resourceModelName": "i18n"
  },
  "basevalidator": {
    "services": {
      "xml": "fioriXmlAnalysis",
      "js": "fioriJsValidator"
    }
  }
}