{
  "run": [
    {
      "filePath": "/webapp/test/flpSandbox.html",
      "previewMode": 1,
      "dataMode": 1,
      "workspace": "withoutWorkspace",
      "ui5ActiveVersion": null,
      "ui5VerSource": null,
      "isDefaultVersion": 0,
      "urlParameters": [],
      "hashParameter": "",
      "backendSystem": [],
      "_metadata": {
        "id": 2028212,
        "runnerId": "webapprunner",
        "displayName": "Run flpSandbox.html",
        "lastRunTimeStamp": 1501737953875
      }
    },
    {
      "filePath": "/webapp/test/flpSandboxMockServer.html",
      "previewMode": 1,
      "dataMode": 1,
      "workspace": "withoutWorkspace",
      "ui5ActiveVersion": null,
      "ui5VerSource": null,
      "isDefaultVersion": 0,
      "urlParameters": [],
      "hashParameter": "",
      "backendSystem": [],
      "_metadata": {
        "id": 2376086,
        "runnerId": "webapprunner",
        "displayName": "Run flpSandboxMockServer.html",
        "lastRunTimeStamp": 1501483513619
      }
    }
  ]
}