<?xml version="1.0" encoding="utf-8"?>
<edmx:Edmx Version="1.0"
    xmlns:edmx="http://schemas.microsoft.com/ado/2007/06/edmx"
    xmlns:m="http://schemas.microsoft.com/ado/2007/08/dataservices/metadata"
    xmlns:sap="http://www.sap.com/Protocols/SAPData">
    <edmx:Reference
		Uri="http://vhcalnplci.dummy.nodomain:8000/sap/opu/odata/IWFND/CATALOGSERVICE;v=2/Vocabularies(TechnicalName='%2FIWBEP%2FVOC_COMMON',Version='0001',SAP__Origin='LOCAL')/$value"
        xmlns:edmx="http://docs.oasis-open.org/odata/ns/edmx">
        <edmx:Include Namespace="com.sap.vocabularies.Common.v1" Alias="Common"/>
    </edmx:Reference>
    <edmx:DataServices m:DataServiceVersion="2.0">
        <Schema Namespace="ZTE_FLIGHTOVP_SRV" xml:lang="en" sap:schema-version="1"
            xmlns="http://schemas.microsoft.com/ado/2008/09/edm">
            <EntityType Name="Zc_Te_AbookingType" sap:label="Analytics on Booking" sap:semantics="aggregate" sap:content-version="1">
                <Key>
                    <PropertyRef Name="ID"/>
                </Key>
                <Property Name="ID" Type="Edm.String" Nullable="false" sap:creatable="false" sap:updatable="false" sap:sortable="false"
					sap:filterable="false"/>
                <Property Name="CarrierId" Type="Edm.String" MaxLength="3" sap:aggregation-role="dimension" sap:display-format="UpperCase"
					sap:label="Airline"/>
                <Property Name="NumberOfItems" Type="Edm.Int32" sap:aggregation-role="measure"/>
                <Property Name="CarrierName" Type="Edm.String" MaxLength="25" sap:aggregation-role="dimension" sap:display-format="UpperCase"/>
                <Property Name="ConnectionId" Type="Edm.String" MaxLength="4" sap:aggregation-role="dimension" sap:display-format="NonNegative"
					sap:label="Connection Number"/>
                <Property Name="FlightDate" Type="Edm.DateTime" Precision="0" sap:aggregation-role="dimension" sap:display-format="Date"
					sap:label="Flight Date"/>
                <Property Name="BookId" Type="Edm.String" MaxLength="8" sap:aggregation-role="dimension" sap:display-format="NonNegative"
					sap:label="Booking number"/>
                <Property Name="Currency" Type="Edm.String" MaxLength="5" sap:aggregation-role="dimension" sap:semantics="currency-code"/>
                <Property Name="Amount" Type="Edm.Decimal" Precision="16" Scale="3" sap:aggregation-role="measure" sap:unit="Currency"
					sap:label="Amount (loc.currncy)"/>
                <Property Name="AgencyNumber" Type="Edm.String" MaxLength="8" sap:aggregation-role="dimension" sap:display-format="NonNegative"
					sap:label="Agency No."/>
                <Property Name="AgencyName" Type="Edm.String" MaxLength="25" sap:aggregation-role="dimension" sap:display-format="UpperCase"/>
                <NavigationProperty Name="to_Agency" Relationship="ZTE_FLIGHTOVP_SRV.assoc_806EBBA44B1D6DB79540DA146C8ECE00"
					FromRole="FromRole_assoc_806EBBA44B1D6DB79540DA146C8ECE00" ToRole="ToRole_assoc_806EBBA44B1D6DB79540DA146C8ECE00" sap:filterable="false"/>
            </EntityType>
            <EntityType Name="Zi_Te_AirportType" sap:label="Airport City" sap:content-version="1">
                <Key>
                    <PropertyRef Name="Airport"/>
                </Key>
                <Property Name="Airport" Type="Edm.String" Nullable="false" MaxLength="3" sap:display-format="UpperCase" sap:text="AirportName"
					sap:label="Airport Code"/>
                <Property Name="AirportName" Type="Edm.String" MaxLength="25" sap:display-format="UpperCase"/>
            </EntityType>
            <EntityType Name="Zi_Te_CarrierType" sap:label="Carrier" sap:value-list="true" sap:content-version="1">
                <Key>
                    <PropertyRef Name="CarrierId"/>
                </Key>
                <Property Name="CarrierId" Type="Edm.String" Nullable="false" MaxLength="3" sap:display-format="UpperCase" sap:text="Name"
					sap:label="Airline"/>
                <Property Name="Name" Type="Edm.String" MaxLength="25" sap:display-format="UpperCase"/>
                <Property Name="currencyCode" Type="Edm.String" MaxLength="5" sap:label="Airline Currency" sap:semantics="currency-code"/>
                <Property Name="url" Type="Edm.String" MaxLength="255" sap:label="URL"/>
                <Property Name="logo" Type="Edm.String" MaxLength="73" sap:display-format="UpperCase"/>
            </EntityType>
            <EntityType Name="Zc_Te_AgencyType" sap:label="Agency Consumption view" sap:content-version="1">
                <Key>
                    <PropertyRef Name="AgencyNumber"/>
                </Key>
                <Property Name="AgencyNumber" Type="Edm.String" Nullable="false" MaxLength="8" sap:display-format="NonNegative" sap:label="Agency No."/>
                <Property Name="AgencyName" Type="Edm.String" MaxLength="25" sap:label="Travel agency name"/>
                <Property Name="City" Type="Edm.String" MaxLength="25" sap:label="City"/>
                <Property Name="Country" Type="Edm.String" MaxLength="3" sap:display-format="UpperCase" sap:label="Country"/>
                <Property Name="State" Type="Edm.String" MaxLength="3" sap:display-format="UpperCase" sap:label="Region"/>
                <Property Name="IconUrl" Type="Edm.String" MaxLength="22" sap:display-format="UpperCase"/>
            </EntityType>
            <EntityType Name="Zc_Te_Flight_FilterType" sap:label="Filter for OVP" sap:content-version="1">
                <Key>
                    <PropertyRef Name="CarrierId"/>
                    <PropertyRef Name="ConnectionId"/>
                    <PropertyRef Name="FlightDate"/>
                </Key>
                <Property Name="CarrierId" Type="Edm.String" Nullable="false" MaxLength="3" sap:display-format="UpperCase"
					sap:filter-restriction="multi-value" sap:text="to_Carrier/Name" sap:label="Airline" sap:value-list="fixed-values"/>
                <Property Name="ConnectionId" Type="Edm.String" Nullable="false" MaxLength="4" sap:display-format="NonNegative"
					sap:label="Connection Number"/>
                <Property Name="FlightDate" Type="Edm.DateTime" Nullable="false" Precision="0" sap:display-format="Date" sap:filter-restriction="interval"
					sap:label="Flight Date"/>
                <Property Name="AirportFrom" Type="Edm.String" MaxLength="3" sap:display-format="UpperCase" sap:filter-restriction="multi-value"
					sap:text="to_Airports/AirportName" sap:label="Departure airport" sap:value-list="fixed-values"/>
                <Property Name="AirportTo" Type="Edm.String" MaxLength="3" sap:display-format="UpperCase" sap:filter-restriction="multi-value"
					sap:text="to_Airports/AirportName" sap:label="Destination airport" sap:value-list="fixed-values"/>
                <NavigationProperty Name="to_Airports" Relationship="ZTE_FLIGHTOVP_SRV.assoc_32AE68F15A62A5AF5DD060C47AE2D542"
					FromRole="FromRole_assoc_32AE68F15A62A5AF5DD060C47AE2D542" ToRole="ToRole_assoc_32AE68F15A62A5AF5DD060C47AE2D542" sap:filterable="false"/>
                <NavigationProperty Name="to_Carrier" Relationship="ZTE_FLIGHTOVP_SRV.assoc_3E6064997114DF237F233BE861776D02"
					FromRole="FromRole_assoc_3E6064997114DF237F233BE861776D02" ToRole="ToRole_assoc_3E6064997114DF237F233BE861776D02" sap:filterable="false"/>
            </EntityType>
            <Association Name="assoc_32AE68F15A62A5AF5DD060C47AE2D542" sap:content-version="1">
                <End Type="ZTE_FLIGHTOVP_SRV.Zc_Te_Flight_FilterType" Multiplicity="1" Role="FromRole_assoc_32AE68F15A62A5AF5DD060C47AE2D542"/>
                <End Type="ZTE_FLIGHTOVP_SRV.Zi_Te_AirportType" Multiplicity="*" Role="ToRole_assoc_32AE68F15A62A5AF5DD060C47AE2D542"/>
            </Association>
            <Association Name="assoc_3E6064997114DF237F233BE861776D02" sap:content-version="1">
                <End Type="ZTE_FLIGHTOVP_SRV.Zc_Te_Flight_FilterType" Multiplicity="1" Role="FromRole_assoc_3E6064997114DF237F233BE861776D02"/>
                <End Type="ZTE_FLIGHTOVP_SRV.Zi_Te_CarrierType" Multiplicity="0..1" Role="ToRole_assoc_3E6064997114DF237F233BE861776D02"/>
            </Association>
            <Association Name="assoc_806EBBA44B1D6DB79540DA146C8ECE00" sap:content-version="1">
                <End Type="ZTE_FLIGHTOVP_SRV.Zc_Te_AbookingType" Multiplicity="1" Role="FromRole_assoc_806EBBA44B1D6DB79540DA146C8ECE00"/>
                <End Type="ZTE_FLIGHTOVP_SRV.Zc_Te_AgencyType" Multiplicity="0..1" Role="ToRole_assoc_806EBBA44B1D6DB79540DA146C8ECE00"/>
            </Association>
            <EntityContainer Name="ZTE_FLIGHTOVP_SRV_Entities" m:IsDefaultEntityContainer="true" sap:supported-formats="atom json xlsx">
                <EntitySet Name="Zc_Te_Abooking" EntityType="ZTE_FLIGHTOVP_SRV.Zc_Te_AbookingType" sap:creatable="false" sap:updatable="false"
				sap:deletable="false" sap:searchable="true" sap:content-version="1"/>
                <EntitySet Name="Zi_Te_Airport" EntityType="ZTE_FLIGHTOVP_SRV.Zi_Te_AirportType" sap:creatable="false" sap:updatable="false"
				sap:deletable="false" sap:content-version="1"/>
                <EntitySet Name="Zi_Te_Carrier" EntityType="ZTE_FLIGHTOVP_SRV.Zi_Te_CarrierType" sap:creatable="false" sap:updatable="false"
				sap:deletable="false" sap:searchable="true" sap:content-version="1"/>
                <EntitySet Name="Zc_Te_Agency" EntityType="ZTE_FLIGHTOVP_SRV.Zc_Te_AgencyType" sap:creatable="false" sap:updatable="false"
				sap:deletable="false" sap:content-version="1"/>
                <EntitySet Name="Zc_Te_Flight_Filter" EntityType="ZTE_FLIGHTOVP_SRV.Zc_Te_Flight_FilterType" sap:creatable="false" sap:updatable="false"
				sap:deletable="false" sap:searchable="true" sap:content-version="1"/>
                <AssociationSet Name="assoc_3E6064997114DF237F233BE861776D02" Association="ZTE_FLIGHTOVP_SRV.assoc_3E6064997114DF237F233BE861776D02"
					sap:creatable="false" sap:updatable="false" sap:deletable="false" sap:content-version="1">
                    <End EntitySet="Zc_Te_Flight_Filter" Role="FromRole_assoc_3E6064997114DF237F233BE861776D02"/>
                    <End EntitySet="Zi_Te_Carrier" Role="ToRole_assoc_3E6064997114DF237F233BE861776D02"/>
                </AssociationSet>
                <AssociationSet Name="assoc_806EBBA44B1D6DB79540DA146C8ECE00" Association="ZTE_FLIGHTOVP_SRV.assoc_806EBBA44B1D6DB79540DA146C8ECE00"
					sap:creatable="false" sap:updatable="false" sap:deletable="false" sap:content-version="1">
                    <End EntitySet="Zc_Te_Abooking" Role="FromRole_assoc_806EBBA44B1D6DB79540DA146C8ECE00"/>
                    <End EntitySet="Zc_Te_Agency" Role="ToRole_assoc_806EBBA44B1D6DB79540DA146C8ECE00"/>
                </AssociationSet>
                <AssociationSet Name="assoc_32AE68F15A62A5AF5DD060C47AE2D542" Association="ZTE_FLIGHTOVP_SRV.assoc_32AE68F15A62A5AF5DD060C47AE2D542"
					sap:creatable="false" sap:updatable="false" sap:deletable="false" sap:content-version="1">
                    <End EntitySet="Zc_Te_Flight_Filter" Role="FromRole_assoc_32AE68F15A62A5AF5DD060C47AE2D542"/>
                    <End EntitySet="Zi_Te_Airport" Role="ToRole_assoc_32AE68F15A62A5AF5DD060C47AE2D542"/>
                </AssociationSet>
            </EntityContainer>
            <Annotations Target="ZTE_FLIGHTOVP_SRV.Zc_Te_Flight_FilterType/CarrierId"
                xmlns="http://docs.oasis-open.org/odata/ns/edm">
                <Annotation Term="Common.ValueList">
                    <Record>
                        <PropertyValue Property="Label" String="Carrier"/>
                        <PropertyValue Property="CollectionPath" String="Zi_Te_Carrier"/>
                        <PropertyValue Property="SearchSupported" Bool="true"/>
                        <PropertyValue Property="Parameters">
                            <Collection>
                                <Record Type="Common.ValueListParameterInOut">
                                    <PropertyValue Property="LocalDataProperty" PropertyPath="CarrierId"/>
                                    <PropertyValue Property="ValueListProperty" String="CarrierId"/>
                                </Record>
                                <Record Type="Common.ValueListParameterDisplayOnly">
                                    <PropertyValue Property="ValueListProperty" String="Name"/>
                                </Record>
                                <Record Type="Common.ValueListParameterDisplayOnly">
                                    <PropertyValue Property="ValueListProperty" String="currencyCode"/>
                                </Record>
                                <Record Type="Common.ValueListParameterDisplayOnly">
                                    <PropertyValue Property="ValueListProperty" String="url"/>
                                </Record>
                                <Record Type="Common.ValueListParameterDisplayOnly">
                                    <PropertyValue Property="ValueListProperty" String="logo"/>
                                </Record>
                            </Collection>
                        </PropertyValue>
                    </Record>
                </Annotation>
            </Annotations>
            <Annotations Target="ZTE_FLIGHTOVP_SRV.Zc_Te_Flight_FilterType/AirportFrom"
                xmlns="http://docs.oasis-open.org/odata/ns/edm">
                <Annotation Term="Common.ValueList">
                    <Record>
                        <PropertyValue Property="Label" String="Airport City"/>
                        <PropertyValue Property="CollectionPath" String="Zi_Te_Airport"/>
                        <PropertyValue Property="SearchSupported" Bool="false"/>
                        <PropertyValue Property="Parameters">
                            <Collection>
                                <Record Type="Common.ValueListParameterInOut">
                                    <PropertyValue Property="LocalDataProperty" PropertyPath="AirportFrom"/>
                                    <PropertyValue Property="ValueListProperty" String="Airport"/>
                                </Record>
                                <Record Type="Common.ValueListParameterInOut">
                                    <PropertyValue Property="LocalDataProperty" PropertyPath="AirportTo"/>
                                    <PropertyValue Property="ValueListProperty" String="Airport"/>
                                </Record>
                                <Record Type="Common.ValueListParameterDisplayOnly">
                                    <PropertyValue Property="ValueListProperty" String="AirportName"/>
                                </Record>
                            </Collection>
                        </PropertyValue>
                    </Record>
                </Annotation>
            </Annotations>
            <Annotations Target="ZTE_FLIGHTOVP_SRV.Zc_Te_Flight_FilterType/AirportTo"
                xmlns="http://docs.oasis-open.org/odata/ns/edm">
                <Annotation Term="Common.ValueList">
                    <Record>
                        <PropertyValue Property="Label" String="Airport City"/>
                        <PropertyValue Property="CollectionPath" String="Zi_Te_Airport"/>
                        <PropertyValue Property="SearchSupported" Bool="false"/>
                        <PropertyValue Property="Parameters">
                            <Collection>
                                <Record Type="Common.ValueListParameterInOut">
                                    <PropertyValue Property="LocalDataProperty" PropertyPath="AirportFrom"/>
                                    <PropertyValue Property="ValueListProperty" String="Airport"/>
                                </Record>
                                <Record Type="Common.ValueListParameterInOut">
                                    <PropertyValue Property="LocalDataProperty" PropertyPath="AirportTo"/>
                                    <PropertyValue Property="ValueListProperty" String="Airport"/>
                                </Record>
                                <Record Type="Common.ValueListParameterDisplayOnly">
                                    <PropertyValue Property="ValueListProperty" String="AirportName"/>
                                </Record>
                            </Collection>
                        </PropertyValue>
                    </Record>
                </Annotation>
            </Annotations>
            <atom:link rel="self" href="http://localhost:56698/sap/opu/odata/sap/ZTE_FLIGHTOVP_SRV/$metadata"
                xmlns:atom="http://www.w3.org/2005/Atom"/>
                <atom:link rel="latest-version" href="http://localhost:56698/sap/opu/odata/sap/ZTE_FLIGHTOVP_SRV/$metadata"
                    xmlns:atom="http://www.w3.org/2005/Atom"/>
                </Schema>
            </edmx:DataServices>
        </edmx:Edmx>