<?xml version="1.0" encoding="utf-8"?>
<edmx:Edmx Version="4.0" xmlns:edmx="http://docs.oasis-open.org/odata/ns/edmx">
	<edmx:Reference
		Uri="http://vhcalnplci.dummy.nodomain:8000/sap/opu/odata/IWFND/CATALOGSERVICE;v=2/Vocabularies(TechnicalName='%2FIWBEP%2FVOC_COMMON',Version='0001',SAP__Origin='LOCAL')/$value"><edmx:Include Namespace="com.sap.vocabularies.Common.v1" Alias="Common"/></edmx:Reference>
	<edmx:Reference
		Uri="http://vhcalnplci.dummy.nodomain:8000/sap/opu/odata/IWFND/CATALOGSERVICE;v=2/Vocabularies(TechnicalName='%2FIWBEP%2FVOC_UI',Version='0001',SAP__Origin='LOCAL')/$value"><edmx:Include Namespace="com.sap.vocabularies.UI.v1" Alias="UI"/></edmx:Reference>
	<edmx:Reference
		Uri="http://vhcalnplci.dummy.nodomain:8000/sap/opu/odata/IWFND/CATALOGSERVICE;v=2/Vocabularies(TechnicalName='%2FIWBEP%2FVOC_COMMUNICATION',Version='0001',SAP__Origin='LOCAL')/$value"><edmx:Include Namespace="com.sap.vocabularies.Communication.v1" Alias="Communication"/></edmx:Reference>
	<edmx:Reference Uri="http://vhcalnplci.dummy.nodomain:8000/sap/opu/odata/SAP/ZTE_FLIGHT_OVP_SRV/$metadata"><edmx:Include Namespace="ZTE_FLIGHT_OVP_SRV" Alias="SAP"/></edmx:Reference>
	<edmx:DataServices>
		<Schema Namespace="zte_flight_ovp_anno_mdl.v1" xmlns="http://docs.oasis-open.org/odata/ns/edm">
			<Annotations Target="ZTE_FLIGHT_OVP_SRV.Zc_Te_AbookingType">
				<Annotation Term="UI.Chart" Qualifier="Area">
					<Record><PropertyValue Property="Title" String=""/><PropertyValue Property="Description" String=""/><PropertyValue Property="ChartType" EnumMember="UI.ChartType/AreaStacked"/>
						<PropertyValue Property="Dimensions">
							<Collection>
								<PropertyPath>CarrierName</PropertyPath>
							</Collection>
						</PropertyValue>
						<PropertyValue Property="Measures">
							<Collection>
								<PropertyPath>Amount</PropertyPath>
								<PropertyPath>Amount</PropertyPath>
							</Collection>
						</PropertyValue>
					</Record>
				</Annotation>
				<Annotation Term="UI.Chart" Qualifier="Donut">
					<Record><PropertyValue Property="Title" String=""/><PropertyValue Property="Description" String=""/><PropertyValue Property="ChartType" EnumMember="UI.ChartType/Donut"/>
						<PropertyValue Property="Dimensions">
							<Collection>
								<PropertyPath>CarrierName</PropertyPath>
							</Collection>
						</PropertyValue>
						<PropertyValue Property="Measures">
							<Collection>
								<PropertyPath>NumberOfItems</PropertyPath>
							</Collection>
						</PropertyValue>
					</Record>
				</Annotation>
				<Annotation Term="UI.DataPoint" Qualifier="Amount">
					<Record><PropertyValue Property="Value" Path="Amount"/><PropertyValue Property="Title" String="Amount"/><PropertyValue Property="Description" String="Amount"/>
						<PropertyValue Property="ValueFormat">
							<Record><PropertyValue Property="ScaleFactor" Decimal="1000"/><PropertyValue Property="NumberOfFractionalDigits" Int="1"/></Record>
						</PropertyValue>
					</Record>
				</Annotation>
				<Annotation Term="UI.LineItem"><Collection/></Annotation>
				<Annotation Term="UI.LineItem" Qualifier="Agency">
					<Collection>
						<Record Type="UI.DataField"><PropertyValue Property="Value" Path="AgencyName"/><Annotation Term="UI.Importance" EnumMember="UI.ImportanceType/High"/></Record>
						<Record Type="UI.DataFieldForAnnotation"><PropertyValue Property="Target" AnnotationPath="@UI.DataPoint#Amount"/><Annotation Term="UI.Importance" EnumMember="UI.ImportanceType/High"/></Record>
					</Collection>
				</Annotation>
				<Annotation Term="UI.LineItem" Qualifier="Carrier">
					<Collection>
						<Record Type="UI.DataField"><PropertyValue Property="Value" Path="CarrierName"/><Annotation Term="UI.Importance" EnumMember="UI.ImportanceType/High"/></Record>
						<Record Type="UI.DataFieldForAnnotation"><PropertyValue Property="Target" AnnotationPath="@UI.DataPoint#Amount"/><Annotation Term="UI.Importance" EnumMember="UI.ImportanceType/High"/></Record>
					</Collection>
				</Annotation>
			</Annotations>
			<Annotations Target="ZTE_FLIGHT_OVP_SRV.Zc_Te_Flight_FilterType">
				<Annotation Term="UI.LineItem">
					<Collection>
						<Record Type="UI.DataField"><PropertyValue Property="Value" Path="FlightDate"/></Record>
						<Record Type="UI.DataField"><PropertyValue Property="Value" Path="ConnectionId"/></Record>
						<Record Type="UI.DataField"><PropertyValue Property="Value" Path="CarrierId"/></Record>
						<Record Type="UI.DataField"><PropertyValue Property="Value" Path="AirportTo"/></Record>
						<Record Type="UI.DataField"><PropertyValue Property="Value" Path="AirportFrom"/></Record>
					</Collection>
				</Annotation>
				<Annotation Term="UI.LineItem" Qualifier="Tab1">
					<Collection>
						<Record Type="UI.DataField"><PropertyValue Property="Value" Path="FlightDate"/></Record>
						<Record Type="UI.DataField"><PropertyValue Property="Value" Path="ConnectionId"/></Record>
						<Record Type="UI.DataField"><PropertyValue Property="Value" Path="CarrierId"/></Record>
						<Record Type="UI.DataField"><PropertyValue Property="Value" Path="AirportTo"/></Record>
						<Record Type="UI.DataField"><PropertyValue Property="Value" Path="AirportFrom"/></Record>
					</Collection>
				</Annotation>
				<Annotation Term="UI.SelectionFields">
					<Collection>
						<PropertyPath>CarrierId</PropertyPath>
						<PropertyPath>ConnectionId</PropertyPath>
						<PropertyPath>FlightDate</PropertyPath>
						<PropertyPath>AirportFrom</PropertyPath>
						<PropertyPath>AirportTo</PropertyPath>
					</Collection>
				</Annotation>
			</Annotations>
			<Annotations Target="ZTE_FLIGHT_OVP_SRV.Zi_Te_AirportType">
				<Annotation Term="UI.LineItem">
					<Collection>
						<Record Type="UI.DataField"><PropertyValue Property="Value" Path="Airport"/></Record>
					</Collection>
				</Annotation>
			</Annotations>
			<Annotations Target="ZTE_FLIGHT_OVP_SRV.Zc_Te_AgencyType">
				<Annotation Term="UI.FieldGroup" Qualifier="Stack">
					<Record>
						<PropertyValue Property="Data">
							<Collection>
								<Record Type="UI.DataField"><PropertyValue Property="Value" Path="City"/></Record>
								<Record Type="UI.DataField"><PropertyValue Property="Value" Path="Country"/></Record>
								<Record Type="UI.DataField"><PropertyValue Property="Value" Path="State"/></Record>
							</Collection>
						</PropertyValue>
					</Record>
				</Annotation>
				<Annotation Term="UI.HeaderInfo">
					<Record><PropertyValue Property="TypeName" String="Agency"/><PropertyValue Property="TypeNamePlural" String="Agencies"/><PropertyValue Property="ImageUrl" Path="IconUrl"/>
						<PropertyValue Property="Title">
							<Record Type="UI.DataField"><PropertyValue Property="Label" String="Agency"/><PropertyValue Property="IconUrl" String="IconUrl"/><PropertyValue Property="Value" String="Property ' AgencyName' of annotation 'UI.HEADERINFO.TITLE' in proj./view 'Zc_Te_Agency' not found"/></Record>
						</PropertyValue>
					</Record>
				</Annotation>
			</Annotations>
		</Schema>
	</edmx:DataServices>
</edmx:Edmx>