{
  "welcomeFile": "index.html",
  "routes": [
    {
      "path": "/sap/opu/odata/IWFND/CATALOGSERVICE;v=2/Annotations(TechnicalName='ZTE_FLIGHT_OVP_ANNO_MDL',Version='0001')/$value",
      "target": {
        "type": "destination",
        "name": "NPL",
        "entryPath": "/sap/opu/odata/IWFND/CATALOGSERVICE;v=2/Annotations(TechnicalName='ZTE_FLIGHT_OVP_ANNO_MDL',Version='0001')/$value"
      },
      "description": "NPL"
    },
    {
      "path": "/sap/opu/odata/sap/ZTE_FLIGHT_OVP_SRV",
      "target": {
        "type": "destination",
        "name": "NPL",
        "entryPath": "/sap/opu/odata/sap/ZTE_FLIGHT_OVP_SRV"
      },
      "description": "NPL"
    },
    {
      "path": "/resources",
      "target": {
        "type": "service",
        "name": "sapui5",
        "preferLocal": true,
        "entryPath": "/resources",
        "version": "1.44.12"
      },
      "description": "SAPUI5 Resources"
    },
    {
      "path": "/test-resources",
      "target": {
        "type": "service",
        "name": "sapui5",
        "entryPath": "/test-resources",
        "version": "1.44.12"
      },
      "description": "SAPUI5 Test Resources"
    }
  ]
}