<edmx:Edmx
    xmlns:edmx="http://schemas.microsoft.com/ado/2007/06/edmx"
    xmlns:m="http://schemas.microsoft.com/ado/2007/08/dataservices/metadata"
    xmlns:sap="http://www.sap.com/Protocols/SAPData" Version="1.0">
    <edmx:Reference
        xmlns:edmx="http://docs.oasis-open.org/odata/ns/edmx" Uri="./IWFND/CATALOGSERVICE;v=2/Vocabularies(TechnicalName='%2FIWBEP%2FVOC_COMMON',Version='0001',SAP__Origin='LOCAL')/$value">
        <edmx:Include Namespace="com.sap.vocabularies.Common.v1" Alias="Common"/>
    </edmx:Reference>
    <edmx:DataServices m:DataServiceVersion="2.0">
        <Schema
            xmlns="http://schemas.microsoft.com/ado/2008/09/edm" Namespace="ZTE_FLIGHT_SRV" xml:lang="en" sap:schema-version="1">
            <EntityType Name="Zc_Te_BookingsType" sap:label="Bookings consumption view" sap:content-version="1">
                <Key>
                    <PropertyRef Name="CarrierId"/>
                    <PropertyRef Name="ConnectionId"/>
                    <PropertyRef Name="FlightDate"/>
                    <PropertyRef Name="BookId"/>
                </Key>
                <Property Name="CarrierId" Type="Edm.String" Nullable="false" MaxLength="3" sap:display-format="UpperCase" sap:label="Airline"/>
                <Property Name="InvoiceId" Type="Edm.Boolean" sap:display-format="UpperCase" sap:label="Invoice flag"/>
                <Property Name="Class" Type="Edm.String" MaxLength="1" sap:display-format="UpperCase" sap:label="Class"/>
                <Property Name="ForeignCurrencyAmount" Type="Edm.Decimal" Precision="16" Scale="3" sap:unit="ForeignCurrencyCode" sap:label="Amount"/>
                <Property Name="ForeignCurrencyCode" Type="Edm.String" MaxLength="5" sap:label="Paymnt currency" sap:semantics="currency-code"/>
                <Property Name="LocalCurrencyAmount" Type="Edm.Decimal" Precision="16" Scale="3" sap:unit="LocalCurrencyCode" sap:label="Amount (loc.currncy)"/>
                <Property Name="LocalCurrencyCode" Type="Edm.String" MaxLength="5" sap:label="Airline Currency" sap:semantics="currency-code"/>
                <Property Name="OrderDate" Type="Edm.DateTime" Precision="0" sap:display-format="Date" sap:label="Posting date"/>
                <Property Name="Counter" Type="Edm.String" MaxLength="8" sap:display-format="NonNegative" sap:label="Sales office"/>
                <Property Name="AgencyNumber" Type="Edm.String" MaxLength="8" sap:display-format="NonNegative" sap:label="Agency No."/>
                <Property Name="Cancelled" Type="Edm.String" MaxLength="1" sap:display-format="UpperCase" sap:label="Cancelation flag"/>
                <Property Name="ConnectionId" Type="Edm.String" Nullable="false" MaxLength="4" sap:display-format="NonNegative" sap:label="Connection Number"/>
                <Property Name="Reserved" Type="Edm.String" MaxLength="1" sap:display-format="UpperCase" sap:label="Reserved"/>
                <Property Name="passname" Type="Edm.String" MaxLength="25" sap:label="Passenger Name"/>
                <Property Name="passform" Type="Edm.String" MaxLength="15" sap:label="Form of address"/>
                <Property Name="passbirth" Type="Edm.DateTime" Precision="0" sap:display-format="Date" sap:label="DOB of Passenger"/>
                <Property Name="FlightDate" Type="Edm.DateTime" Nullable="false" Precision="0" sap:display-format="Date" sap:label="Flight Date"/>
                <Property Name="BookId" Type="Edm.String" Nullable="false" MaxLength="8" sap:display-format="NonNegative" sap:label="Booking number"/>
                <Property Name="CustomerId" Type="Edm.String" MaxLength="8" sap:display-format="NonNegative" sap:label="Customer Number"/>
                <Property Name="CustomerType" Type="Edm.String" MaxLength="1" sap:display-format="UpperCase" sap:label="B/P customer"/>
                <Property Name="Smoker" Type="Edm.String" MaxLength="1" sap:display-format="UpperCase" sap:label="Smoker"/>
                <Property Name="LuggageWeight" Type="Edm.Decimal" Precision="8" Scale="4" sap:unit="WeightUnit" sap:label="Luggage Weight"/>
                <Property Name="WeightUnit" Type="Edm.String" MaxLength="3" sap:label="Unit of Measurement" sap:semantics="unit-of-measure"/>
            </EntityType>
            <EntityType Name="Zi_Te_AirportType" sap:label="Airport City" sap:content-version="1">
                <Key>
                    <PropertyRef Name="Airport"/>
                </Key>
                <Property Name="Airport" Type="Edm.String" Nullable="false" MaxLength="3" sap:display-format="UpperCase" sap:label="Airport Code"/>
                <Property Name="AirportName" Type="Edm.String" MaxLength="25" sap:display-format="UpperCase"/>
            </EntityType>
            <EntityType Name="Zi_Te_CarrierType" sap:label="Carrier" sap:value-list="true" sap:content-version="1">
                <Key>
                    <PropertyRef Name="CarrierId"/>
                </Key>
                <Property Name="CarrierId" Type="Edm.String" Nullable="false" MaxLength="3" sap:display-format="UpperCase" sap:label="Airline"/>
                <Property Name="Name" Type="Edm.String" MaxLength="25" sap:display-format="UpperCase"/>
                <Property Name="currencyCode" Type="Edm.String" MaxLength="5" sap:label="Airline Currency" sap:semantics="currency-code"/>
                <Property Name="url" Type="Edm.String" MaxLength="255" sap:label="URL"/>
                <Property Name="logo" Type="Edm.String" MaxLength="73" sap:display-format="UpperCase"/>
            </EntityType>
            <EntityType Name="Zi_Te_ConnectionType" sap:label="Connections" sap:content-version="1">
                <Key>
                    <PropertyRef Name="CarrierId"/>
                    <PropertyRef Name="ConnectionId"/>
                </Key>
                <Property Name="CarrierId" Type="Edm.String" Nullable="false" MaxLength="3" sap:display-format="UpperCase" sap:label="Airline"/>
                <Property Name="ConnectionId" Type="Edm.String" Nullable="false" MaxLength="4" sap:display-format="NonNegative" sap:label="Connection Number"/>
                <Property Name="CountryFrom" Type="Edm.String" MaxLength="3" sap:display-format="UpperCase" sap:label="Country Key"/>
                <Property Name="CityFrom" Type="Edm.String" MaxLength="20" sap:display-format="UpperCase" sap:label="Depart. city"/>
                <Property Name="AirportFrom" Type="Edm.String" MaxLength="3" sap:display-format="UpperCase" sap:label="Departure airport"/>
                <Property Name="CountryTo" Type="Edm.String" MaxLength="3" sap:display-format="UpperCase" sap:label="Country Key"/>
                <Property Name="CityTo" Type="Edm.String" MaxLength="20" sap:display-format="UpperCase" sap:label="Arrival city"/>
                <Property Name="AirportTo" Type="Edm.String" MaxLength="3" sap:display-format="UpperCase" sap:label="Destination airport"/>
                <Property Name="DepartureTime" Type="Edm.Time" Precision="0" sap:label="Departure time"/>
                <Property Name="ArrivalTime" Type="Edm.Time" Precision="0" sap:label="Arrival Time"/>
                <Property Name="DistanceUnitId" Type="Edm.String" MaxLength="3" sap:label="Distance in" sap:semantics="unit-of-measure"/>
                <Property Name="FlightType" Type="Edm.String" MaxLength="1" sap:display-format="UpperCase" sap:label="Charter flt"/>
                <Property Name="ArrivalsDays" Type="Edm.Byte" sap:label="n day(s) later"/>
            </EntityType>
            <EntityType Name="Zc_Te_FlightType" sap:label="Flight consumption view" sap:content-version="1">
                <Key>
                    <PropertyRef Name="CarrierId"/>
                    <PropertyRef Name="ConnectionId"/>
                    <PropertyRef Name="FlightDate"/>
                </Key>
                <Property Name="CarrierId" Type="Edm.String" Nullable="false" MaxLength="3" sap:display-format="UpperCase" sap:label="Airline" sap:value-list="standard"/>
                <Property Name="ConnectionId" Type="Edm.String" Nullable="false" MaxLength="4" sap:display-format="NonNegative" sap:label="Connection Number"/>
                <Property Name="FlightDate" Type="Edm.DateTime" Nullable="false" Precision="0" sap:display-format="Date" sap:label="Flight Date"/>
                <Property Name="CarrierName" Type="Edm.String" MaxLength="25" sap:display-format="UpperCase"/>
                <Property Name="logo" Type="Edm.String" MaxLength="73" sap:display-format="UpperCase"/>
                <Property Name="price" Type="Edm.Decimal" Precision="16" Scale="3" sap:unit="currencyCode" sap:label="Airfare"/>
                <Property Name="paymentsum" Type="Edm.Decimal" Precision="18" Scale="3" sap:unit="currencyCode" sap:label="Booking total"/>
                <Property Name="currencyCode" Type="Edm.String" MaxLength="5" sap:label="Airline Currency" sap:semantics="currency-code"/>
                <Property Name="planetype" Type="Edm.String" MaxLength="10" sap:display-format="UpperCase" sap:label="Plane Type"/>
                <Property Name="seatsmax" Type="Edm.Int32" sap:label="Max. capacity econ."/>
                <Property Name="seatsocc" Type="Edm.Int32" sap:label="Seats"/>
                <Property Name="seatsmax_b" Type="Edm.Int32" sap:label="Max. capacity bus."/>
                <Property Name="seatsocc_b" Type="Edm.Int32" sap:label="Seats"/>
                <Property Name="seatsmax_f" Type="Edm.Int32" sap:label="Max. capacity 1st"/>
                <Property Name="seatsocc_f" Type="Edm.Int32" sap:label="Seats"/>
                <Property Name="AirportFrom" Type="Edm.String" MaxLength="3" sap:display-format="UpperCase" sap:label="Departure airport" sap:value-list="standard"/>
                <Property Name="AirportTo" Type="Edm.String" MaxLength="3" sap:display-format="UpperCase" sap:label="Destination airport" sap:value-list="standard"/>
                <Property Name="CityFrom" Type="Edm.String" MaxLength="20" sap:display-format="UpperCase" sap:label="Depart. city"/>
                <Property Name="CityTo" Type="Edm.String" MaxLength="20" sap:display-format="UpperCase" sap:label="Arrival city"/>
                <Property Name="TimeFromTo" Type="Edm.String" MaxLength="15" sap:display-format="UpperCase"/>
                <Property Name="AirportFromTo" Type="Edm.String" MaxLength="9" sap:display-format="UpperCase"/>
                <NavigationProperty Name="to_Airports" Relationship="ZTE_FLIGHT_SRV.assoc_7CA3A93FC1CE297D2ED5FFE22DAF8F9D" FromRole="FromRole_assoc_7CA3A93FC1CE297D2ED5FFE22DAF8F9D" ToRole="ToRole_assoc_7CA3A93FC1CE297D2ED5FFE22DAF8F9D"
sap:filterable="false"/>
                <NavigationProperty Name="to_Bookings" Relationship="ZTE_FLIGHT_SRV.assoc_67E48CBB2A2C50808ECD9BCD8147F87B" FromRole="FromRole_assoc_67E48CBB2A2C50808ECD9BCD8147F87B" ToRole="ToRole_assoc_67E48CBB2A2C50808ECD9BCD8147F87B"
sap:filterable="false"/>
                <NavigationProperty Name="to_Carrier" Relationship="ZTE_FLIGHT_SRV.assoc_04FA3133CF4B3708F704562E83E39C0E" FromRole="FromRole_assoc_04FA3133CF4B3708F704562E83E39C0E" ToRole="ToRole_assoc_04FA3133CF4B3708F704562E83E39C0E"
sap:filterable="false"/>
                <NavigationProperty Name="to_Connection" Relationship="ZTE_FLIGHT_SRV.assoc_17E8ADF50AAA07E3AA07FA6625DA592A" FromRole="FromRole_assoc_17E8ADF50AAA07E3AA07FA6625DA592A" ToRole="ToRole_assoc_17E8ADF50AAA07E3AA07FA6625DA592A"
sap:filterable="false"/>
            </EntityType>
            <Association Name="assoc_67E48CBB2A2C50808ECD9BCD8147F87B" sap:content-version="1">
                <End Type="ZTE_FLIGHT_SRV.Zc_Te_FlightType" Multiplicity="1" Role="FromRole_assoc_67E48CBB2A2C50808ECD9BCD8147F87B"/>
                <End Type="ZTE_FLIGHT_SRV.Zc_Te_BookingsType" Multiplicity="*" Role="ToRole_assoc_67E48CBB2A2C50808ECD9BCD8147F87B"/>
            </Association>
            <Association Name="assoc_04FA3133CF4B3708F704562E83E39C0E" sap:content-version="1">
                <End Type="ZTE_FLIGHT_SRV.Zc_Te_FlightType" Multiplicity="1" Role="FromRole_assoc_04FA3133CF4B3708F704562E83E39C0E"/>
                <End Type="ZTE_FLIGHT_SRV.Zi_Te_CarrierType" Multiplicity="0..1" Role="ToRole_assoc_04FA3133CF4B3708F704562E83E39C0E"/>
            </Association>
            <Association Name="assoc_17E8ADF50AAA07E3AA07FA6625DA592A" sap:content-version="1">
                <End Type="ZTE_FLIGHT_SRV.Zc_Te_FlightType" Multiplicity="1" Role="FromRole_assoc_17E8ADF50AAA07E3AA07FA6625DA592A"/>
                <End Type="ZTE_FLIGHT_SRV.Zi_Te_ConnectionType" Multiplicity="0..1" Role="ToRole_assoc_17E8ADF50AAA07E3AA07FA6625DA592A"/>
            </Association>
            <Association Name="assoc_7CA3A93FC1CE297D2ED5FFE22DAF8F9D" sap:content-version="1">
                <End Type="ZTE_FLIGHT_SRV.Zc_Te_FlightType" Multiplicity="1" Role="FromRole_assoc_7CA3A93FC1CE297D2ED5FFE22DAF8F9D"/>
                <End Type="ZTE_FLIGHT_SRV.Zi_Te_AirportType" Multiplicity="*" Role="ToRole_assoc_7CA3A93FC1CE297D2ED5FFE22DAF8F9D"/>
            </Association>
            <EntityContainer Name="ZTE_FLIGHT_SRV_Entities" m:IsDefaultEntityContainer="true" sap:supported-formats="atom json xlsx">
                <EntitySet Name="Zc_Te_Bookings" EntityType="ZTE_FLIGHT_SRV.Zc_Te_BookingsType" sap:creatable="false" sap:updatable="false" sap:deletable="false" sap:content-version="1"/>
                <EntitySet Name="Zi_Te_Airport" EntityType="ZTE_FLIGHT_SRV.Zi_Te_AirportType" sap:creatable="false" sap:updatable="false" sap:deletable="false" sap:content-version="1"/>
                <EntitySet Name="Zi_Te_Carrier" EntityType="ZTE_FLIGHT_SRV.Zi_Te_CarrierType" sap:creatable="false" sap:updatable="false" sap:deletable="false" sap:searchable="true" sap:content-version="1"/>
                <EntitySet Name="Zi_Te_Connection" EntityType="ZTE_FLIGHT_SRV.Zi_Te_ConnectionType" sap:creatable="false" sap:updatable="false" sap:deletable="false" sap:content-version="1"/>
                <EntitySet Name="Zc_Te_Flight" EntityType="ZTE_FLIGHT_SRV.Zc_Te_FlightType" sap:creatable="false" sap:updatable="false" sap:deletable="false" sap:searchable="true" sap:content-version="1"/>
                <AssociationSet Name="assoc_04FA3133CF4B3708F704562E83E39C0E" Association="ZTE_FLIGHT_SRV.assoc_04FA3133CF4B3708F704562E83E39C0E" sap:creatable="false" sap:updatable="false" sap:deletable="false" sap:content-version="1">
                    <End EntitySet="Zc_Te_Flight" Role="FromRole_assoc_04FA3133CF4B3708F704562E83E39C0E"/>
                    <End EntitySet="Zi_Te_Carrier" Role="ToRole_assoc_04FA3133CF4B3708F704562E83E39C0E"/>
                </AssociationSet>
                <AssociationSet Name="assoc_17E8ADF50AAA07E3AA07FA6625DA592A" Association="ZTE_FLIGHT_SRV.assoc_17E8ADF50AAA07E3AA07FA6625DA592A" sap:creatable="false" sap:updatable="false" sap:deletable="false" sap:content-version="1">
                    <End EntitySet="Zc_Te_Flight" Role="FromRole_assoc_17E8ADF50AAA07E3AA07FA6625DA592A"/>
                    <End EntitySet="Zi_Te_Connection" Role="ToRole_assoc_17E8ADF50AAA07E3AA07FA6625DA592A"/>
                </AssociationSet>
                <AssociationSet Name="assoc_7CA3A93FC1CE297D2ED5FFE22DAF8F9D" Association="ZTE_FLIGHT_SRV.assoc_7CA3A93FC1CE297D2ED5FFE22DAF8F9D" sap:creatable="false" sap:updatable="false" sap:deletable="false" sap:content-version="1">
                    <End EntitySet="Zc_Te_Flight" Role="FromRole_assoc_7CA3A93FC1CE297D2ED5FFE22DAF8F9D"/>
                    <End EntitySet="Zi_Te_Airport" Role="ToRole_assoc_7CA3A93FC1CE297D2ED5FFE22DAF8F9D"/>
                </AssociationSet>
                <AssociationSet Name="assoc_67E48CBB2A2C50808ECD9BCD8147F87B" Association="ZTE_FLIGHT_SRV.assoc_67E48CBB2A2C50808ECD9BCD8147F87B" sap:creatable="false" sap:updatable="false" sap:deletable="false" sap:content-version="1">
                    <End EntitySet="Zc_Te_Flight" Role="FromRole_assoc_67E48CBB2A2C50808ECD9BCD8147F87B"/>
                    <End EntitySet="Zc_Te_Bookings" Role="ToRole_assoc_67E48CBB2A2C50808ECD9BCD8147F87B"/>
                </AssociationSet>
            </EntityContainer>
            <Annotations
                xmlns="http://docs.oasis-open.org/odata/ns/edm" Target="ZTE_FLIGHT_SRV.Zc_Te_FlightType/CarrierId">
                <Annotation Term="Common.ValueList">
                    <Record>
                        <PropertyValue Property="Label" String="Carrier"/>
                        <PropertyValue Property="CollectionPath" String="Zi_Te_Carrier"/>
                        <PropertyValue Property="SearchSupported" Bool="true"/>
                        <PropertyValue Property="Parameters">
                            <Collection>
                                <Record Type="Common.ValueListParameterInOut">
                                    <PropertyValue Property="LocalDataProperty" PropertyPath="CarrierId"/>
                                    <PropertyValue Property="ValueListProperty" String="CarrierId"/>
                                </Record>
                                <Record Type="Common.ValueListParameterDisplayOnly">
                                    <PropertyValue Property="ValueListProperty" String="Name"/>
                                </Record>
                                <Record Type="Common.ValueListParameterDisplayOnly">
                                    <PropertyValue Property="ValueListProperty" String="currencyCode"/>
                                </Record>
                                <Record Type="Common.ValueListParameterDisplayOnly">
                                    <PropertyValue Property="ValueListProperty" String="url"/>
                                </Record>
                                <Record Type="Common.ValueListParameterDisplayOnly">
                                    <PropertyValue Property="ValueListProperty" String="logo"/>
                                </Record>
                            </Collection>
                        </PropertyValue>
                    </Record>
                </Annotation>
            </Annotations>
            <Annotations
                xmlns="http://docs.oasis-open.org/odata/ns/edm" Target="ZTE_FLIGHT_SRV.Zc_Te_FlightType/AirportFrom">
                <Annotation Term="Common.ValueList">
                    <Record>
                        <PropertyValue Property="Label" String="Airport City"/>
                        <PropertyValue Property="CollectionPath" String="Zi_Te_Airport"/>
                        <PropertyValue Property="SearchSupported" Bool="false"/>
                        <PropertyValue Property="Parameters">
                            <Collection>
                                <Record Type="Common.ValueListParameterInOut">
                                    <PropertyValue Property="LocalDataProperty" PropertyPath="AirportFrom"/>
                                    <PropertyValue Property="ValueListProperty" String="Airport"/>
                                </Record>
                                <Record Type="Common.ValueListParameterInOut">
                                    <PropertyValue Property="LocalDataProperty" PropertyPath="AirportTo"/>
                                    <PropertyValue Property="ValueListProperty" String="Airport"/>
                                </Record>
                                <Record Type="Common.ValueListParameterDisplayOnly">
                                    <PropertyValue Property="ValueListProperty" String="AirportName"/>
                                </Record>
                            </Collection>
                        </PropertyValue>
                    </Record>
                </Annotation>
            </Annotations>
            <Annotations
                xmlns="http://docs.oasis-open.org/odata/ns/edm" Target="ZTE_FLIGHT_SRV.Zc_Te_FlightType/AirportTo">
                <Annotation Term="Common.ValueList">
                    <Record>
                        <PropertyValue Property="Label" String="Airport City"/>
                        <PropertyValue Property="CollectionPath" String="Zi_Te_Airport"/>
                        <PropertyValue Property="SearchSupported" Bool="false"/>
                        <PropertyValue Property="Parameters">
                            <Collection>
                                <Record Type="Common.ValueListParameterInOut">
                                    <PropertyValue Property="LocalDataProperty" PropertyPath="AirportFrom"/>
                                    <PropertyValue Property="ValueListProperty" String="Airport"/>
                                </Record>
                                <Record Type="Common.ValueListParameterInOut">
                                    <PropertyValue Property="LocalDataProperty" PropertyPath="AirportTo"/>
                                    <PropertyValue Property="ValueListProperty" String="Airport"/>
                                </Record>
                                <Record Type="Common.ValueListParameterDisplayOnly">
                                    <PropertyValue Property="ValueListProperty" String="AirportName"/>
                                </Record>
                            </Collection>
                        </PropertyValue>
                    </Record>
                </Annotation>
            </Annotations>
            <atom:link
                xmlns:atom="http://www.w3.org/2005/Atom" rel="self" href="./sap/ZTE_FLIGHT_SRV/$metadata"/>
                <atom:link
                    xmlns:atom="http://www.w3.org/2005/Atom" rel="latest-version" href="./sap/ZTE_FLIGHT_SRV/$metadata"/>
                </Schema>
            </edmx:DataServices>
        </edmx:Edmx>