<edmx:Edmx
    xmlns:edmx="http://docs.oasis-open.org/odata/ns/edmx" Version="4.0">
    <edmx:Reference Uri="./IWFND/CATALOGSERVICE;v=2/Vocabularies(TechnicalName='%2FIWBEP%2FVOC_COMMON',Version='0001',SAP__Origin='LOCAL')/$value">
        <edmx:Include Namespace="com.sap.vocabularies.Common.v1" Alias="Common"/>
    </edmx:Reference>
    <edmx:Reference Uri="./IWFND/CATALOGSERVICE;v=2/Vocabularies(TechnicalName='%2FIWBEP%2FVOC_UI',Version='0001',SAP__Origin='LOCAL')/$value">
        <edmx:Include Namespace="com.sap.vocabularies.UI.v1" Alias="UI"/>
    </edmx:Reference>
    <edmx:Reference Uri="./IWFND/CATALOGSERVICE;v=2/Vocabularies(TechnicalName='%2FIWBEP%2FVOC_COMMUNICATION',Version='0001',SAP__Origin='LOCAL')/$value">
        <edmx:Include Namespace="com.sap.vocabularies.Communication.v1" Alias="Communication"/>
    </edmx:Reference>
    <edmx:Reference Uri="./SAP/ZTE_FLIGHT_SRV/$metadata">
        <edmx:Include Namespace="ZTE_FLIGHT_SRV" Alias="SAP"/>
    </edmx:Reference>
    <edmx:DataServices>
        <Schema
            xmlns="http://docs.oasis-open.org/odata/ns/edm" Namespace="zte_flight_anno_mdl.v1">
            <Annotations Target="ZTE_FLIGHT_SRV.Zc_Te_BookingsType">
                <Annotation Term="UI.Chart" Qualifier="CHART">
                    <Record>
                        <PropertyValue Property="Title" String="Smart Chart"/>
                        <PropertyValue Property="Description" String="My Chart"/>
                        <PropertyValue Property="ChartType" EnumMember="UI.ChartType/Column"/>
                        <PropertyValue Property="Dimensions">
                            <Collection>
                                <PropertyPath>OrderDate</PropertyPath>
                            </Collection>
                        </PropertyValue>
                        <PropertyValue Property="Measures">
                            <Collection>
                                <PropertyPath>LocalCurrencyAmount</PropertyPath>
                            </Collection>
                        </PropertyValue>
                    </Record>
                </Annotation>
                <Annotation Term="UI.HeaderInfo">
                    <Record>
                        <PropertyValue Property="TypeName" String="Booking"/>
                        <PropertyValue Property="TypeNamePlural" String="Bookings"/>
                    </Record>
                </Annotation>
                <Annotation Term="UI.LineItem">
                    <Collection>
                        <Record Type="UI.DataField">
                            <PropertyValue Property="Label" String="BookId"/>
                            <PropertyValue Property="Value" Path="CustomerId"/>
                            <Annotation Term="UI.Importance" EnumMember="UI.ImportanceType/High"/>
                        </Record>
                        <Record Type="UI.DataField">
                            <PropertyValue Property="Label" String="Passenger Name"/>
                            <PropertyValue Property="Value" Path="passname"/>
                            <Annotation Term="UI.Importance" EnumMember="UI.ImportanceType/High"/>
                        </Record>
                        <Record Type="UI.DataField">
                            <PropertyValue Property="Label" String="Order Date"/>
                            <PropertyValue Property="Value" Path="OrderDate"/>
                            <Annotation Term="UI.Importance" EnumMember="UI.ImportanceType/High"/>
                        </Record>
                        <Record Type="UI.DataField">
                            <PropertyValue Property="Label" String="Luggage Weight"/>
                            <PropertyValue Property="Value" Path="LuggageWeight"/>
                            <Annotation Term="UI.Importance" EnumMember="UI.ImportanceType/High"/>
                        </Record>
                        <Record Type="UI.DataField">
                            <PropertyValue Property="Label" String="Amount"/>
                            <PropertyValue Property="Value" Path="LocalCurrencyAmount"/>
                            <Annotation Term="UI.Importance" EnumMember="UI.ImportanceType/High"/>
                        </Record>
                    </Collection>
                </Annotation>
            </Annotations>
            <Annotations Target="ZTE_FLIGHT_SRV.Zi_Te_AirportType">
                <Annotation Term="UI.LineItem">
                    <Collection>
                        <Record Type="UI.DataField">
                            <PropertyValue Property="Value" Path="Airport"/>
                        </Record>
                    </Collection>
                </Annotation>
                <Annotation Term="UI.SelectionFields">
                    <Collection/>
                </Annotation>
            </Annotations>
            <Annotations Target="ZTE_FLIGHT_SRV.Zc_Te_FlightType">
                <Annotation Term="UI.DataPoint" Qualifier="AirportFrom">
                    <Record>
                        <PropertyValue Property="Value" Path="AirportFrom"/>
                        <PropertyValue Property="Title" String="Airport From"/>
                    </Record>
                </Annotation>
                <Annotation Term="UI.DataPoint" Qualifier="AirportTo">
                    <Record>
                        <PropertyValue Property="Value" Path="AirportTo"/>
                        <PropertyValue Property="Title" String="Airport To"/>
                    </Record>
                </Annotation>
                <Annotation Term="UI.FieldGroup" Qualifier="Additional">
                    <Record>
                        <PropertyValue Property="Data">
                            <Collection>
                                <Record Type="UI.DataField">
                                    <PropertyValue Property="Value" Path="price"/>
                                </Record>
                                <Record Type="UI.DataField">
                                    <PropertyValue Property="Value" Path="paymentsum"/>
                                </Record>
                                <Record Type="UI.DataField">
                                    <PropertyValue Property="Value" Path="to_Connection/CityFrom"/>
                                </Record>
                                <Record Type="UI.DataField">
                                    <PropertyValue Property="Value" Path="to_Connection/CityTo"/>
                                </Record>
                            </Collection>
                        </PropertyValue>
                        <PropertyValue Property="Label" String=""/>
                    </Record>
                </Annotation>
                <Annotation Term="UI.FieldGroup" Qualifier="DateTime">
                    <Record>
                        <PropertyValue Property="Data">
                            <Collection>
                                <Record Type="UI.DataField">
                                    <PropertyValue Property="Value" Path="FlightDate"/>
                                </Record>
                                <Record Type="UI.DataField">
                                    <PropertyValue Property="Value" Path="to_Connection/DepartureTime"/>
                                </Record>
                                <Record Type="UI.DataField">
                                    <PropertyValue Property="Value" Path="to_Connection/ArrivalTime"/>
                                </Record>
                            </Collection>
                        </PropertyValue>
                        <PropertyValue Property="Label" String=""/>
                    </Record>
                </Annotation>
                <Annotation Term="UI.HeaderInfo">
                    <Record>
                        <PropertyValue Property="TypeName" String="Flight"/>
                        <PropertyValue Property="TypeNamePlural" String="Flights"/>
                        <PropertyValue Property="ImageUrl" Path="logo"/>
                        <PropertyValue Property="Title">
                            <Record Type="UI.DataField">
                                <PropertyValue Property="Value" Path="CarrierName"/>
                            </Record>
                        </PropertyValue>
                    </Record>
                </Annotation>
                <Annotation Term="UI.Identification">
                    <Collection>
                        <Record Type="UI.DataField">
                            <PropertyValue Property="Value" Path="CarrierName"/>
                        </Record>
                        <Record Type="UI.DataField">
                            <PropertyValue Property="Value" Path="planetype"/>
                        </Record>
                        <Record Type="UI.DataField">
                            <PropertyValue Property="Value" Path="AirportFrom"/>
                        </Record>
                        <Record Type="UI.DataField">
                            <PropertyValue Property="Value" Path="AirportTo"/>
                        </Record>
                    </Collection>
                </Annotation>
                <Annotation Term="UI.LineItem">
                    <Collection>
                        <Record Type="UI.DataField">
                            <PropertyValue Property="Value" Path="to_Bookings/CustomerId"/>
                            <Annotation Term="UI.Importance" EnumMember="UI.ImportanceType/Low"/>
                        </Record>
                        <Record Type="UI.DataField">
                            <PropertyValue Property="Label" String="Carrier"/>
                            <PropertyValue Property="Value" Path="logo"/>
                            <Annotation Term="UI.Importance" EnumMember="UI.ImportanceType/High"/>
                        </Record>
                        <Record Type="UI.DataField">
                            <PropertyValue Property="Value" Path="FlightDate"/>
                        </Record>
                        <Record Type="UI.DataField">
                            <PropertyValue Property="Value" Path="ConnectionId"/>
                        </Record>
                        <Record Type="UI.DataField">
                            <PropertyValue Property="Value" Path="CarrierId"/>
                        </Record>
                        <Record Type="UI.DataField">
                            <PropertyValue Property="Value" Path="AirportTo"/>
                        </Record>
                        <Record Type="UI.DataField">
                            <PropertyValue Property="Value" Path="AirportFrom"/>
                        </Record>
                        <Record Type="UI.DataField">
                            <PropertyValue Property="Label" String="Aircraft"/>
                            <PropertyValue Property="Value" Path="planetype"/>
                            <Annotation Term="UI.Importance" EnumMember="UI.ImportanceType/High"/>
                        </Record>
                    </Collection>
                </Annotation>
                <Annotation Term="UI.LineItem" Qualifier="Tab1">
                    <Collection>
                        <Record Type="UI.DataField">
                            <PropertyValue Property="Value" Path="FlightDate"/>
                        </Record>
                        <Record Type="UI.DataField">
                            <PropertyValue Property="Value" Path="ConnectionId"/>
                        </Record>
                        <Record Type="UI.DataField">
                            <PropertyValue Property="Value" Path="CarrierId"/>
                        </Record>
                        <Record Type="UI.DataField">
                            <PropertyValue Property="Value" Path="AirportTo"/>
                        </Record>
                        <Record Type="UI.DataField">
                            <PropertyValue Property="Value" Path="AirportFrom"/>
                        </Record>
                    </Collection>
                </Annotation>
                <Annotation Term="UI.LineItem" Qualifier="ValueList">
                    <Collection>
                        <Record Type="UI.DataField">
                            <PropertyValue Property="Value" Path="to_Bookings/CustomerType"/>
                        </Record>
                    </Collection>
                </Annotation>
                <Annotation Term="UI.SelectionFields">
                    <Collection>
                        <PropertyPath>CarrierId</PropertyPath>
                        <PropertyPath>ConnectionId</PropertyPath>
                        <PropertyPath>FlightDate</PropertyPath>
                        <PropertyPath>AirportFrom</PropertyPath>
                        <PropertyPath>AirportTo</PropertyPath>
                    </Collection>
                </Annotation>
            </Annotations>
        </Schema>
    </edmx:DataServices>
</edmx:Edmx>